id,mass,length
0,14.00674,0
1,14.00674,0
2,35.4527,0
3,0,1.45478554433291
